{"cameraMode":{"drawMode":0,"name":"Shaded","section":"Shading Mode"},"sceneLighting":true,"audioPlay":false,"sceneViewState":{"m_AlwaysRefresh":false,"showFog":true,"showSkybox":true,"showFlares":true,"showImageEffects":true,"showParticleSystems":true,"showVisualEffectGraphs":true,"m_FxEnabled":true},"in2DMode":false,"pivot":{"x":-1.4508219957351685,"y":-2.8899359703063967,"z":5.168148040771484},"rotation":{"x":-0.24027658998966218,"y":-0.40481096506118777,"z":0.11111924052238465,"w":-0.8752906918525696},"size":5.562209606170654,"orthographic":false}